{
    "settings": {
        "options": {
            "show_on_front": "page",
            "featured-content": {
                "tag-id": 35890,
                "tag-name": "featured",
                "hide-tag": 0,
                "show-all": 1
            },
            "jetpack_global_styles": false
        },
        "theme_mods": {
            "0": false,
            "nav_menu_locations": {
                "primary": null
            },
            "custom_css_post_id": -1
        },
        "headstart": {
            "mapped_id_options": [],
            "mapped_id_theme_mods": [],
            "keep_submenu_items": true
        }
    },
    "widgets": [],
    "content": [
        {
            "post_type": "page",
            "post_title": "Home",
            "post_content": "<!-- wp:cover {\"url\":\"https:\/\/farrowdemo.files.wordpress.com\/2022\/01\/image-from-rawpixel-id-3286299-jpeg.jpg\",\"id\":13,\"dimRatio\":50,\"minHeight\":100,\"minHeightUnit\":\"vh\",\"isDark\":false,\"align\":\"full\"} -->\n<div class=\"wp-block-cover alignfull is-light\" style=\"min-height:100vh;\"><span aria-hidden=\"true\" class=\"wp-block-cover__gradient-background has-background-dim\"><\/span><img class=\"wp-block-cover__image-background wp-image-13\" alt=\"\" src=\"https:\/\/farrowdemo.files.wordpress.com\/2022\/01\/image-from-rawpixel-id-3286299-jpeg.jpg\" data-object-fit=\"cover\" \/><div class=\"wp-block-cover__inner-container\"><!-- wp:paragraph {\"align\":\"center\",\"placeholder\":\"Write title\u2026\",\"fontSize\":\"large\"} -->\n<p class=\"has-text-align-center has-large-font-size\"><\/p>\n<!-- \/wp:paragraph -->\n\n<!-- wp:columns {\"align\":\"full\"} -->\n<div class=\"wp-block-columns alignfull\"><!-- wp:column -->\n<div class=\"wp-block-column\"><\/div>\n<!-- \/wp:column -->\n\n<!-- wp:column {\"backgroundColor\":\"background\"} -->\n<div class=\"wp-block-column has-background-background-color has-background\"><!-- wp:image {\"id\":34,\"sizeSlug\":\"large\",\"linkDestination\":\"none\",\"className\":\"margin-bottom-none\"} -->\n<figure class=\"wp-block-image size-large margin-bottom-none\"><img src=\"https:\/\/farrowdemo.files.wordpress.com\/2022\/01\/stocksnap_gaxfqx8bxd-1.jpg?w=1024\" alt=\"\" class=\"wp-image-34\" \/><\/figure>\n<!-- \/wp:image -->\n\n<!-- wp:group {\"style\":{\"spacing\":{\"padding\":{\"right\":\"40px\",\"left\":\"40px\",\"bottom\":\"3vh\",\"top\":\"3vh\"}}},\"backgroundColor\":\"background\"} -->\n<div class=\"wp-block-group has-background-background-color has-background\" style=\"padding-top:3vh;padding-right:40px;padding-bottom:3vh;padding-left:40px;\"><!-- wp:heading {\"className\":\"margin-bottom-none\"} -->\n<h2 class=\"margin-bottom-none\" id=\"kimberly-taylor\"><strong><strong>Kimberly Taylor<\/strong><\/strong><\/h2>\n<!-- \/wp:heading -->\n\n<!-- wp:paragraph {\"style\":{\"typography\":{\"fontSize\":\"18px\"}},\"className\":\"margin-top-half\"} -->\n<p class=\"margin-top-half\" style=\"font-size:18px;\">Hi! I\u2019m the founder of Tiny Leaf, an online plant delivery business founded on the premise that plants make people happy.<\/p>\n<!-- \/wp:paragraph -->\n\n<!-- wp:buttons {\"layout\":{\"type\":\"flex\",\"justifyContent\":\"center\",\"orientation\":\"horizontal\"}} -->\n<div class=\"wp-block-buttons\"><!-- wp:button {\"width\":100,\"style\":{\"color\":{\"text\":\"#ffffff\"},\"border\":{\"radius\":\"4px\"}}} -->\n<div class=\"wp-block-button has-custom-width wp-block-button__width-100\"><a class=\"wp-block-button__link has-text-color\" style=\"border-radius:4px;color:#ffffff;\"><strong>Get in touch<\/strong><\/a><\/div>\n<!-- \/wp:button --><\/div>\n<!-- \/wp:buttons -->\n\n<!-- wp:social-links {\"customIconBackgroundColor\":\"#000000\",\"iconBackgroundColorValue\":\"#000000\",\"align\":\"center\",\"className\":\"\",\"layout\":{\"type\":\"flex\",\"justifyContent\":\"center\"}} -->\n<ul class=\"wp-block-social-links aligncenter has-icon-background-color\"><!-- wp:social-link {\"url\":\"https:\/\/linkedin.com\/\",\"service\":\"linkedin\"} \/-->\n\n<!-- wp:social-link {\"url\":\"https:\/\/twitter.com\/\",\"service\":\"twitter\"} \/-->\n\n<!-- wp:social-link {\"url\":\"https:\/\/instagram.com\/\",\"service\":\"instagram\"} \/--><\/ul>\n<!-- \/wp:social-links --><\/div>\n<!-- \/wp:group --><\/div>\n<!-- \/wp:column -->\n\n<!-- wp:column -->\n<div class=\"wp-block-column\"><\/div>\n<!-- \/wp:column --><\/div>\n<!-- \/wp:columns --><\/div><\/div>\n<!-- \/wp:cover -->",
            "post_name": "home",
            "post_excerpt": "",
            "menu_order": 0,
            "post_status": "publish",
            "comment_status": "closed",
            "ping_status": "closed",
            "_starter_page_template": "blank",
            "hs_old_id": 2,
            "hs_post_parent": 0,
            "hs_taxonomies": [],
            "hs_custom_meta": "_hs_front_page",
            "page_template": "footer-only"
        }
    ],
    "menus": [],
    "images": [
        "https:\/\/farrowdemo.files.wordpress.com\/2022\/01\/stocksnap_gaxfqx8bxd-1.jpg",
        "https:\/\/farrowdemo.files.wordpress.com\/2022\/01\/image-from-rawpixel-id-3286299-jpeg.jpg"
    ],
    "meta": {
        "blog_id": 201974200,
        "url": "https:\/\/farrowdemo.wordpress.com",
        "update_date": "January 21, 2022, 2:34 am",
        "update_timestamp": 1642732471
    }
}
